License No,Business Name,Class,Class Detail,City
312044,PML LLC,CR-21,Hardscaping and Irrigation Systems,Surprise
96844,Arok Inc,B-1,General Commercial Contractor,Phoenix
311487,DWCM LLC,B,General Residential Contractor,Scottsdale
333213,Evex LLC,CR-80,Sewers Drains and Pipe Laying,Tucson
77053,Tepco Inc,C-37,Plumbing,Tucson
176504,W S C Inc,A,General Engineering,Flagstaff
238948,H B D LLC,B,General Residential Contractor,Cottonwood
297633,DAT-3 LLC,CR-11,Electrical,Scottsdale
325966,Tavas LLC,R-62,Minor Home Improvements,Lake Havasu City
337811,ROCHA LLC,C-39,Air Conditioning and Refrigeration,Tempe
129114,Kylaco Inc,B-2,General Small Commercial Contractor,Marana
250423,Edsart LLC,CR-60,Finish Carpentry,Phoenix
305545,Hybryd LLC,CR-67,Low Voltage Communication Systems,Mesa
325083,Vince Phan,CR-39,Air Conditioning and Refrigeration,Surprise
335389,Remsen LLC,B,General Residential Contractor,Glendale
70831,T R Orr Inc,A,General Engineering,Kingman
135992,Hesscor Inc,CR-5,As Restricted by the Registrar,Mesa
206211,Davirro LLC,CR-5,As Restricted by the Registrar,Phoenix
255826,Kukkola LLC,CR-39,Air Conditioning and Refrigeration,Mesa
284315,Jaime Ramos,CR-34,Painting and Wall Covering,Tolleson
310020,El Faro LLC,R-39R,Air Conditioning and Refrigeration,San Luis
325778,Decovon LLC,CR-34,Painting and Wall Covering,Phoenix
335293,Gigamen LLC,CR-37,Plumbing,Kingman
340716,HALCONN LLC,A,General Engineering,PAYSON
111349,C J Beth Inc,CR-60,Finish Carpentry,Payson
188216,Sign Tec LLC,C-38,Signs,Phoenix
235450,Leverage LLC,CR-61,Carpentry Remodeling and Repairs,Buckeye
281166,Cozyhome LLC,CR-40,Insulation,Flagstaff
302526,Nest Con LLC,KB-2,Dual Residential and Small Commercial,Phoenix
316790,Proscape LLC,CR-21,Hardscaping and Irrigation Systems,Gilbert
327378,Trim Tek Inc,KB-2,Dual Residential and Small Commercial,Arizona City
333088,Hi Homes LLC,B,General Residential Contractor,Buckeye
336887,TRUKRAFT LLC,KB-2,Dual Residential and Small Commercial,Phoenix
340196,Mira Frenkel,R-62,Minor Home Improvements,Tucson
85207,Charles Keith,CR-34,Painting and Wall Covering,Mesa
170256,Rapid Air LLC,CR-39,Air Conditioning and Refrigeration,Yuma
215680,Valerie Marak,R-39R,Air Conditioning and Refrigeration,Peoria
246315,Watertime Inc,CR-6,Swimming Pool Service and Repair,Tucson
276006,Aspen Air LLC,CR-39,Air Conditioning and Refrigeration,Phoenix
297154,AK Studio LLC,CR-60,Finish Carpentry,Phoenix
314348,Art Stone LLC,CR-48,Ceramic Plastic and Metal Tile,Phoenix
323149,Crest Air LLC,CR-39,Air Conditioning and Refrigeration,Tucson
327506,Mr Hammer LLC,CR-7,Carpentry,Glendale
331653,Renotight LLC,KB-2,Dual Residential and Small Commercial,Chandler
334991,Demo Days LLC,CR-57,Wrecking,Tucson
338396,Ernest Ybarra,B,General Residential Contractor,Phoenix
341506,Valleycom LLC,C-67,Low Voltage Communication Systems,MESA
99234,N R G Foam Inc,CR-40,Insulation,Queen Creek
172508,Bill Tee Evans,CR-37,Plumbing,Littlefield
207987,Fauxoneone LLC,CR-5,As Restricted by the Registrar,New River
238133,Superscape LLC,CR-21,Hardscaping and Irrigation Systems,Peoria
271427,Systematix LLC,CR-67,Low Voltage Communication Systems,Maricopa
290227,Cormin Air LLC,CR-39,Air Conditioning and Refrigeration,Mesa
303311,Z Electric LLC,CR-11,Electrical,Scottsdale
314202,Gotham Air LLC,CR-39,Air Conditioning and Refrigeration,Glendale
322869,A/C Valley LLC,CR-39,Air Conditioning and Refrigeration,Gilbert
326479,Foley Tile LLC,CR-31,Masonry,Tucson
330226,Cedar Tree LLC,B,General Residential Contractor,Kingman
332518,Q Flooring LLC,CR-8,Floor Covering,Mesa
335708,Staybility LLC,CR-61,Carpentry Remodeling and Repairs,GOODYEAR
338483,Insidewire LLC,CR-67,Low Voltage Communication Systems,Buckeye
341432,CR Gutters LLC,CR-45,Sheet Metal,ORO VALLEY
84470,Penhall Company,CR-57,Wrecking,Phoenix
116348,Edward Gabaldon,C-9,Concrete,Holbrook
162189,Steve Troy Wolf,R-62,Minor Home Improvements,Goodyear
189427,Arnel Fence LLC,CR-5,As Restricted by the Registrar,Kingman
208728,Ricardo Vazquez,CR-34,Painting and Wall Covering,Peoria
232611,Sound Works LLC,CR-67,Low Voltage Communication Systems,Mesa
254544,Geo Roofing Inc,CR-42,Roofing,Phoenix
274386,JI Coatings LLC,CR-34,Painting and Wall Covering,Yuma
284270,Cole Dale Logue,CR-48,Ceramic Plastic and Metal Tile,Prescott
294307,Lalla Salma LLC,CR-21,Hardscaping and Irrigation Systems,Scottsdale
303645,RT Builders LLC,KB-2,Dual Residential and Small Commercial,Tempe
311574,Pro Drywall LLC,CR-10,Drywall,Nogales
317891,ACS Concrete LC,C-9,Concrete,Phoenix
322239,ABC Asphalt LLC,KB-2,Dual Residential and Small Commercial,Phoenix
324476,G2 Electric LLC,CR-11,Electrical,Mesa
326911,FC Holdings LLC,B,General Residential Contractor,Gold Canyon
329090,KELCO HOMES LLC,KB-2,Dual Residential and Small Commercial,Lake Havasu City
332372,RockJuniper LLC,KB-2,Dual Residential and Small Commercial,Flagstaff
334234,ROI Remodel LLC,KB-2,Dual Residential and Small Commercial,Chandler
336098,ModDustrial LLC,CR-24,Ornamental Metals,Tucson
337935,Powerful AC LLC,CR-60,Finish Carpentry,Mesa
339712,SRLPlumbing LLC,CR-37,Plumbing,Prescott Valley
341812,South Arrow LLC,CR-2,Excavating Grading and Oil Surfacing,Tucson
63524,Whiffle Tree Inc,CR-21,Hardscaping and Irrigation Systems,Flagstaff
90395,Empire Homes Inc,B-2,General Small Commercial Contractor,Sonoita
106461,Jimmy Cheon Choe,C-39,Air Conditioning and Refrigeration,Phoenix
129378,Williams Asphalt,A-14,Asphalt Paving,Mesa
156489,GHD Services Inc,A,General Engineering,Phoenix
173003,V F Electric Inc,CR-11,Electrical,Phoenix
188891,Detectronics Inc,CR-11,Electrical,Rimrock
207759,Walker Glass LLC,CR-65,Glazing,Paulden
220890,Chandler Air Inc,C-39,Air Conditioning and Refrigeration,Chandler
233284,Sound Design Inc,CR-67,Low Voltage Communication Systems,Lake Havasu City
244688,Roof Dancers Inc,CR-5,As Restricted by the Registrar,Flagstaff
257882,Shane Mann Stone,CR-8,Floor Covering,Prescott Valley
267667,MHM Builders Inc,B-1,General Commercial Contractor,Scottsdale
275660,Ashtin Homes Inc,B,General Residential Contractor,Queen Creek
283985,Miller Homes LLC,B,General Residential Contractor,Gilbert
290968,DFG Builders LLC,KB-2,Dual Residential and Small Commercial,Phoenix
297406,Stoney Built LLC,B,General Residential Contractor,Mesa
301961,Bigelow Door LLC,CR-60,Finish Carpentry,Buckeye
306608,HRS Plumbing LLC,CR-37,Plumbing,Gilbert
313316,Arcadiascape LLC,CR-21,Hardscaping and Irrigation Systems,Cave Creek
317599,D&D Cabinets LLC,CR-60,Finish Carpentry,Apache Junction
320585,BGB Painting LLC,KB-2,Dual Residential and Small Commercial,Gilbert
322978,RCC Holdings LLC,CR-60,Finish Carpentry,Tempe
324742,Neo Pyramids LLC,KB-1,Dual Building Contractor,Gilbert
326835,AZ Spruce Up LLC,CR-67,Low Voltage Communication Systems,Gilbert
328727,BMD Electric LLC,R-11,Electrical,Queen Creek
330209,Robert Dale Hord,CR-37,Plumbing,Laveen
331400,TCR Plumbing LLC,CR-37,Plumbing,Flagstaff
333136,YAA Electric LLC,CR-11,Electrical,Phoenix
334188,B5C Builders LLC,KA-5,Dual Swimming Pool Contractor,Queen Creek
335555,JDM BUILDERS LLC,B,General Residential Contractor,Glendale
336726,Robert Dale Hord,CR-39,Air Conditioning and Refrigeration,Laveen
338071,Anchor Fence LLC,CR-14,Fencing,Hereford
338932,Phx Handyman LLC,C-61,Carpentry Remodeling and Repairs,Phoenix
339880,LAMASSU BULL LLC,CR-61,Carpentry Remodeling and Repairs,PEORIA
340827,Cota Roofing LLC,CR-42,Roofing,TUCSON
342043,BEYOND COLOR INC,CR-34,Painting and Wall Covering,LAVEEN
49031,T J Bednar and Co,B,General Residential Contractor,Tucson
82807,James Paul Luckow,B,General Residential Contractor,Tucson
98020,Steel Masters Inc,CR-14,Fencing,Phoenix
115481,Randy Earl Abbott,B,General Residential Contractor,Overgaard
132061,Adobe Roofing Inc,CR-42,Roofing,Peoria
153172,P D Q Systems Inc,A-17,Electrical and Transmission Lines,Glendale
170502,Western Grade LLC,A,General Engineering,Show Low
184551,Cool Days A C Inc,C-39,Air Conditioning and Refrigeration,Higley
200816,HM Contractor LLC,CR-61,Carpentry Remodeling and Repairs,Phoenix
209700,Colt Concrete LLC,R-9,Concrete,Waddell
221836,A P Southwest LLC,A,General Engineering,Tempe
234956,A U R O G N C LLC,CR-8,Floor Covering,Apache Junction
245069,Janecek Homes Inc,B-2,General Small Commercial Contractor,Lake Havasu City
255631,Titan Roofing LLC,CR-42,Roofing,Tucson
266779,Mark Wayne Sylvia,CR-7,Carpentry,Wittmann
272060,Lifestyle G C LLC,KA,Dual Engineering,Scottsdale
280568,Epic Builders LLC,KB-2,Dual Residential and Small Commercial,Morristown
288409,Ron Wayne Dildine,CR-10,Drywall,Gilbert
295258,Zeta Plumbing LLC,CR-37,Plumbing,Goodyear
301881,Bob's Backhoe Inc,CR-2,Excavating Grading and Oil Surfacing,Tucson
306603,Kool Time Air LLC,CR-79,Air Conditioning and Refrigeration Inclu,Phoenix
312506,Ruof Electric LLC,C-11,Electrical,Phoenix
316288,Red Rock Fence Co,CR-14,Fencing,Cottonwood
319180,Juan Pablo Garcia,CR-39,Air Conditioning and Refrigeration,Cashion
321564,F & A Granite LLC,CR-60,Finish Carpentry,Paulden
323643,Turf Monsters LLC,CR-21,Hardscaping and Irrigation Systems,Phoenix
325019,S & J Grading Inc,A-12,Sewers Drains and Pipe Laying,Queen Creek
326323,ABC Creations LLC,CR-61,Carpentry Remodeling and Repairs,Mayer
328138,BPR Companies LLC,B-1,General Commercial Contractor,Peoria
330065,Morland Homes LLC,R-11,Electrical,Snowflake
332133,Attic Masters LLC,CR-60,Finish Carpentry,Maricopa
333308,Universal A/C LLC,CR-39,Air Conditioning and Refrigeration,Glendale
334367,DMS Companies Inc,CR-11,Electrical,Phoenix
336038,C323 Holdings Inc,CR-39,Air Conditioning and Refrigeration,Saddlebrooke
337251,Cinergy Homes LLC,KB-2,Dual Residential and Small Commercial,PRESCOTT
338654,CB Remodeling LLC,KB-1,Dual Building Contractor,New River
339614,SONSOL Energy LLC,CR-11,Electrical,Carefree
340916,Properly Done LLC,R-62,Minor Home Improvements,VAIL
342251,Gray Flooring LLC,CR-48,Ceramic Plastic and Metal Tile,Buckeye
52060,Indoor Comfort Inc,R-39R,Air Conditioning and Refrigeration,Phoenix
69310,Donway Corporation,A-14,Asphalt Paving,Scottsdale
83189,Jon Richard Rumzis,CR-8,Floor Covering,Apache Junction
93118,Ray Germaine Clark,CR-61,Carpentry Remodeling and Repairs,Tucson
101632,Paradise Rebar Inc,CR-70,Reinforcing Bar and Wire Mesh,Phoenix
111959,George Allen Ewing,A,General Engineering,Tonto Basin
129614,KCAC Holdings Inc.,R-39R,Air Conditioning and Refrigeration,Chandler
143667,Thomas Hugh Norris,CR-42,Roofing,Mesa
155406,The Ironworker Inc,CR-17,Steel and Aluminum Erection,Prescott
166911,Owens Electric Inc,CR-5,As Restricted by the Registrar,Show Low
174665,Amsur Builders LLC,B,General Residential Contractor,Gilbert
184228,M M R Plumbing LLC,R-37R,Plumbing,Scottsdale
192036,All N All Door LLC,CR-5,As Restricted by the Registrar,Glendale
199225,Exact Painting LLC,CR-34,Painting and Wall Covering,Phoenix
208539,Rauls Plumbing LLC,R-37R,Plumbing,Bisbee
215768,Butte Plumbing LLC,CR-37,Plumbing,Chino Valley
225129,Irma's Roofing Inc,CR-42,Roofing,Phoenix
230756,R L B Electric Inc,CR-11,Electrical,Lake Havasu City
240029,Classic Garage Inc,CR-5,As Restricted by the Registrar,Prescott
248033,Cabinet Source Inc,CR-60,Finish Carpentry,Yuma
255399,Stravitz Glass Inc,CR-65,Glazing,Tempe
261148,D H S Plumbing LLC,CR-37,Plumbing,Gilbert
268584,A & H Electric LLC,R-11,Electrical,Yuma
274773,Sheyenne Homes LLC,B-2,General Small Commercial Contractor,Mesa
279718,Urban Forestry LLC,CR-21,Hardscaping and Irrigation Systems,El Mirage
284738,Desert Of Eden Inc,CR-21,Hardscaping and Irrigation Systems,Phoenix
290600,365 Mechanical LLC,CR-39,Air Conditioning and Refrigeration,Mesa
294101,Outfront Media LLC,C-11,Electrical,Phoenix
298346,Chris Connolly Inc,CR-39,Air Conditioning and Refrigeration,Cottonwood
302448,FAM Industries LLC,CR-37,Plumbing,Queen Creek
306845,Rhino Services LLC,CR-39,Air Conditioning and Refrigeration,Pima
311003,OIB Consulting Inc,KA,Dual Engineering,Phoenix
314645,AZ Turf & More LLC,CR-21,Hardscaping and Irrigation Systems,Mesa
317269,Pearce Machine LLC,CR-56,Welding,Pearce
319392,GPS Mechanical LLC,CR-39,Air Conditioning and Refrigeration,Peoria
322321,Soria Painting LLC,R-62,Minor Home Improvements,Apache Junction
323593,A/C Experts AZ LLC,CR-39,Air Conditioning and Refrigeration,Tempe
324989,RB Contracting LLC,KB-2,Dual Residential and Small Commercial,Phoenix
326138,Nichols Design LLC,R-62,Minor Home Improvements,Chandler
327235,Force Cabinets LLC,CR-60,Finish Carpentry,Queen Creek
328456,Rojo's Masonry LLC,B-5,General Swimming Pool Contractor,Tucson
329436,Pool Servicing LLC,CR-6,Swimming Pool Service and Repair,Scottsdale
330960,Abram James Madrid,CR-36,Plastering,Peoria
332627,Service Tucson LLC,B,General Residential Contractor,Tucson
333526,Circulate HVAC LLC,CR-39,Air Conditioning and Refrigeration,Glendale
334773,Amazing Scapes LLC,CR-31,Masonry,Sahuarita
335646,Modern Remodel LLC,R-61,Carpentry Remodeling and Repairs,GILBERT
336462,Earl Dean Merriman,CR-69,Asphalt Paving,Kingman
337397,Monument Homes LLC,KB-2,Dual Residential and Small Commercial,Mesa
338254,J & H Electric LLC,CR-11,Electrical,Chandler
339125,Concrete Image LLC,CR-8,Floor Covering,Phoenix
340273,Gentry Estates LLC,B-2,General Small Commercial Contractor,Mesa
341026,Carrera Tucson LLC,CR-39,Air Conditioning and Refrigeration,Tucson
341799,Top Line Fence LLC,CR-14,Fencing,MORRISTOWN
342675,Frei Cabinetry LLC,R-60,Finish Carpentry,Queen Creek
51659,Joseph Alan Hancock,R-11,Electrical,Happy Jack
69430,Farner Electric Inc,C-11,Electrical,Kingman
82704,Kevin Louis Elliott,B,General Residential Contractor,Sedona
92491,Carter Builders Inc,B,General Residential Contractor,Prescott
99353,Levake Concrete Inc,C-9,Concrete,El Mirage
110356,Carlos Valdez Ramos,CR-31,Masonry,Bullhead City
121998,Adams Trenching Inc,A,General Engineering,Flagstaff
133260,Foster Ventures Inc,A,General Engineering,Show Low
143558,Sunburst Patios LLC,CR-3,Awnings Canopies Carports and Patio Cove,Prescott Valley
155409,NPL Construction Co,A,General Engineering,Phoenix
166296,B and D Install Inc,CR-5,As Restricted by the Registrar,Tucson
174461,Barrett Eastman LLC,R-39R,Air Conditioning and Refrigeration,Phoenix
182946,WallCrafters Co LLC,CR-34,Painting and Wall Covering,Avondale
190461,Jacobs Electric Inc,CR-11,Electrical,Tucson
201157,Harcon Concrete Inc,B-1,General Commercial Contractor,Chandler
208317,Leffel Electric LLC,C-11,Electrical,Flagstaff
215758,Almeida Roofing Inc,CR-42,Roofing,Phoenix
223911,E and G Drywall LLC,CR-10,Drywall,White Mountain Lake
233264,Brooks Builders LLC,KB-1,Dual Building Contractor,Peoria
242672,Empire Electric LLC,CR-11,Electrical,Surprise
248375,David Antonio Reyes,CR-37,Plumbing,Mesa
255123,Ashton Holdings LLC,CR-34,Painting and Wall Covering,Gilbert
261629,Sierra Coatings LLC,CR-34,Painting and Wall Covering,Yuma
266950,Hudson Services Inc,C-77,Plumbing Including Solar,Peoria
270793,Todd William Heiman,C-77,Plumbing Including Solar,Lake Havasu City
275746,Eric Duncan Johnson,B,General Residential Contractor,Tucson
279091,JDI Enterprises LLC,CR-57,Wrecking,Kingman
283763,The Home Ranger LLC,CR-21,Hardscaping and Irrigation Systems,Phoenix
288048,MBR Contracting LLC,C-11,Electrical,Waddell
292661,Claige Painting LLC,CR-34,Painting and Wall Covering,Phoenix
296431,Pichardo's Tile LLC,CR-48,Ceramic Plastic and Metal Tile,Phoenix
299406,TJR Enterprises LLC,CR-11,Electrical,Phoenix
302959,Polite Painting LLC,CR-34,Painting and Wall Covering,El Mirage
305613,C & M  Builders Inc,KB-1,Dual Building Contractor,Gilbert
308740,BUA Enterprises LLC,CR-39,Air Conditioning and Refrigeration,Scottsdale
311850,Better Builders LLC,KB-2,Dual Residential and Small Commercial,Tucson
314525,Parolo Builders LLC,B-1,General Commercial Contractor,Scottsdale
316818,Crosby Services LLC,CR-41,Septic Tanks and Systems,Saint Johns
318721,Xtreme Plumbing LLC,CR-37,Plumbing,Peoria
320870,Canyon Painting LLC,CR-34,Painting and Wall Covering,Sedona
322847,480 Restoration LLC,B-3,General Remodeling and Repair Contractor,Phoenix
323920,Signature Signs Inc,CR-38,Signs,Phoenix
324841,All In Plumbing LLC,CR-37,Plumbing,Tucson
326022,Richard Lee Herrera,A-5,Excavating Grading and Oil Surfacing,Payson
326971,Single Solution LLC,CR-67,Low Voltage Communication Systems,Goodyear
327847,Arizona Shoring LLC,B-2,General Small Commercial Contractor,Phoenix
329094,Patrick Ryan Wilson,CR-61,Carpentry Remodeling and Repairs,Mesa
330021,Brothers Carpet LLC,CR-8,Floor Covering,Phoenix
331389,DS Luxury Homes LLC,KB-2,Dual Residential and Small Commercial,Queen Creek
332324,T.E.C. Electric LLC,CR-11,Electrical,New River
333387,Banner Cabinets LLC,CR-60,Finish Carpentry,Phoenix
334305,Impaq Cabinetry LLC,R-60,Finish Carpentry,Mesa
335406,ELEVATED TIMBER LLC,KB-2,Dual Residential and Small Commercial,Flagstaff
336288,Golden Air HVAC LLC,CR-39,Air Conditioning Refrigeration and Heati,Phoenix
337192,Home Provisions LLC,KB-2,Dual Residential and Small Commercial,Tucson
338275,TRR Development LLC,KB-2,Dual Residential and Small Commercial,Paradise Valley
339058,CSA Contracting LLC,CR-9,Concrete,PHOENIX
339870,SLM Landscaping LLC,CR-21,Hardscaping and Irrigation Systems,Gilbert
340887,A & B Transport LLC,R-2,Excavating Grading and Oil Surfacing,Glendale
341822,Michael Louis Shlee,CR-34,Painting and Wall Covering,Glendale
342709,James Walter Coomes,CR-61,Carpentry Remodeling and Repairs,Phoenix
47392,Seville Builders Inc,B,General Residential Contractor,Lake Havasu City
68578,Sellers and Sons Inc,R-11,Electrical,Avondale
76395,Michael John O'Brien,C-49,Refrigeration,Lake Havasu City
86196,Sellers and Sons Inc,R-39R,Air Conditioning and Refrigeration,Avondale
92265,Casey William Rodman,R-9,Concrete,Fort Mohave
102276,Allwood Builders Inc,B,General Residential Contractor,Flagstaff
111773,R B Construction Inc,B,General Residential Contractor,Tucson
126402,Ernesto Zamora Ozuna,CR-45,Sheet Metal,Somerton
139080,Ernesto Zamora Ozuna,C-39,Air Conditioning and Refrigeration,Somerton
145469,Clyde Robert Hoffman,B-1,General Commercial Contractor,Phoenix
153986,Dawn Revelle Griffin,CR-16,Fire Protection Systems,Gilbert
161673,Rusk Investments Inc,CR-65,Glazing,Phoenix
170633,Mancuso Concrete Inc,R-9,Concrete,Lake Havasu City
181172,Pressure Systems Inc,CR-5,As Restricted by the Registrar,Phoenix
188262,Su Casa Builders Inc,KB-2,Dual Residential and Small Commercial,Sierra Vista
194954,Steven Louis Sellers,CR-42,Roofing,Queen Creek
201850,Eduardo Diaz Alvarez,CR-21,Hardscaping and Irrigation Systems,Casa Grande
208029,Southwest Scapes Inc,B-5,General Swimming Pool Contractor,Peoria
214686,Robert Paul Blizzard,CR-11,Electrical,Tucson
223731,C M G Excavating Inc,R-2,Excavating Grading and Oil Surfacing,Paulden
229738,Roadway Electric LLC,C-11,Electrical,Scottsdale
235192,Engineer Roofing LLC,CR-42,Roofing,Tucson
242432,Ez Flow Plumbing LLC,CR-37,Plumbing,Chandler
248705,A A 007 Plumbing LLC,CR-37,Plumbing,Cortaro
255050,Comfort Services LLC,R-39R,Air Conditioning and Refrigeration,Queen Creek
260392,Edge Painting Co LLC,CR-34,Painting and Wall Covering,Sahuarita
265684,Nothing But Hope LLC,B,General Residential Contractor,Lake Havasu City
270047,AZ Air Solutions LLC,CR-39,Air Conditioning and Refrigeration,Phoenix
274646,Sam Construction LLC,B-1,General Commercial Contractor,San Tan Valley
278618,The Yard Experts Inc,CR-21,Hardscaping and Irrigation Systems,Queen Creek
282702,AHC Construction LLC,B-2,General Small Commercial Contractor,Flagstaff
286540,Stewart Builders LLC,B,General Residential Contractor,Tempe
290502,L N L Excavating Inc,R-2,Excavating Grading and Oil Surfacing,Anthem
294680,Supply Solutions LLC,KB-2,Dual Residential and Small Commercial,Chandler
298224,Reyes Electrical LLC,CR-11,Electrical,Tucson
301454,Scirica Services LLC,CR-37,Plumbing,Tucson
304517,LeSueur Plumbing LLC,CR-37,Plumbing,Mesa
307524,Double D Masonry Inc,B-1,General Commercial Contractor,Scottsdale
311232,Tsuga Developers LLC,KB-2,Dual Residential and Small Commercial,Williams
313536,R & J Remodeling LLC,R-62,Minor Home Improvements,Maricopa
315926,ReSource Arizona LLC,CR-48,Ceramic Plastic and Metal Tile,Tempe
317662,Coronado Roofing LLC,CR-42,Roofing,Tucson
320054,T L Custom Build LLC,KB-2,Dual Residential and Small Commercial,Tucson
322054,Jenarus Holdings LLC,R-62,Minor Home Improvements,Oro Valley
323513,Simon's Plumbing LLC,CR-37,Plumbing,Phoenix
324462,Recon Air System LLC,CR-39,Air Conditioning and Refrigeration,Queen Creek
325242,K & C Automation LLC,CR-11,Electrical,Surprise
326242,Laie Investments LLC,KB-2,Dual Residential and Small Commercial,Tucson
326982,Sonoran Handyman LLC,B-3,General Remodeling and Repair Contractor,Scottsdale
327853,Higher Standards LLC,CR-60,Finish Carpentry,Yuma
328747,Joshua Bryan Haskins,R-62,Minor Home Improvements,Coolidge
329961,Bearded Builders LLC,B,General Residential Contractor,Prescott
330830,Mendoza Flooring LLC,KB-2,Dual Residential and Small Commercial,Flagstaff
331630,HMO Construction LLC,KB-1,Dual Building Contractor,Tucson
332634,Arizona Sealants LLC,CR-34,Painting and Wall Covering,San Tan Valley
333544,Monster Electric LLC,R-62,Minor Home Improvements,Chandler
334563,Monster Electric LLC,CR-11,Electrical,Chandler
335207,Luna Contracting LLC,KB-2,Dual Residential and Small Commercial,Queen Creek
335928,Tintero Painting LLC,C-34,Painting and Wall Covering,Maricopa
336618,Vegh Contracting LLC,B-3,General Remodeling and Repair Contractor,Gilbert
337444,Case Restoration Co.,B-1,General Commercial Contractor,Nashville
338013,Building-smarter LLC,CR-67,Low Voltage Communication Systems,MESA
338802,Kelly's Electric LLC,CR-11,Electrical,Casa Grande
339700,Lucid Mechanical LLC,CR-39,Air Conditioning and Refrigeration,TUCSON
340648,ML Lath & Stucco LLC,R-36,Plastering,GLENDALE
341675,Gorsuch Electric LLC,R-11,Electrical,TEMPE
342226,DSA Construction LLC,KB-2,Dual Residential and Small Commercial,SAHUARITA
342901,Finesse Builders LLC,KB-1,Dual Building Contractor,Scottsdale
56106,Earth & Sun Adobe Inc,B,General Residential Contractor,Mesa
69786,CORE Construction Inc,B-1,General Commercial Contractor,Phoenix
76495,Dancor Development Co,B,General Residential Contractor,Scottsdale
87519,Interior Concepts Inc,CR-8,Floor Covering,Phoenix
95433,Charles Scott Delaney,R-37R,Plumbing,Phoenix
106046,John Lawrence Newcomb,B,General Residential Contractor,Desert Hills
111343,Kobe Construction Inc,B,General Residential Contractor,Queen Creek
123922,Frank Anthony Dusanek,R-39R,Air Conditioning and Refrigeration,Cave Creek
136626,Timothy Artis Stewart,CR-36,Plastering,Camp Verde
145384,S G O Contracting Inc,B,General Residential Contractor,Phoenix
157018,Foster Pump Sales Inc,CR-5,As Restricted by the Registrar,Sonoita
167630,Douglas Brian Kohlman,C-11,Electrical,Peoria
176340,Patry Residential LLC,B,General Residential Contractor,Phoenix
184151,Travis James Vandiver,CR-42,Roofing,Green Valley
192051,Invision Electric LLC,CR-11,Electrical,Higley
198096,Huachuca Plumbing LLC,CR-37,Plumbing,Sierra Vista
203897,Contreras Roofing LLC,CR-42,Roofing,Phoenix
209687,Toddler Net Works LLC,CR-5,As Restricted by the Registrar,Gilbert
217674,Smartway Electric Inc,R-11,Electrical,Glendale
223425,A A A Sun Control LLC,CR-3,Awnings Canopies Carports and Patio Cove,Peoria (Maricopa)
232393,Plumbing By Meraz LLC,CR-37,Plumbing,Phoenix
237488,Marjanen Builders LLC,KB-2,Dual Residential and Small Commercial,Prescott Valley
245731,Primavera Roofing LLC,CR-42,Roofing,Tucson
253398,Rhino Contracting LLC,KB-1,Dual Building Contractor,Mesa
259936,C C S Connections Inc,CR-67,Low Voltage Communication Systems,Phoenix
265067,All Ways Plumbing LLC,CR-77,Plumbing Including Solar,Sierra Vista
270968,D W H Development LLC,B-1,General Commercial Contractor,Phoenix
275739,Solid Rock Stucco LLC,CR-36,Plastering,Prescott Valley
279837,Richard Roland Jamroz,CR-39,Air Conditioning and Refrigeration,Surprise
284194,Steven Douglas Hanson,CR-39,Air Conditioning and Refrigeration,Flagstaff
289582,Sonoran Shotcrete LLC,R-9,Concrete,Apache Junction
294755,Rubio's Interiors LLC,CR-48,Ceramic Plastic and Metal Tile,Tolleson
297652,Troon Enterprises Inc,KB-1,Dual Building Contractor,Scottsdale
301153,Az Access Systems LLC,CR-14,Fencing,Mesa
304605,Pro Tractor Works LLC,CR-2,Excavating Grading and Oil Surfacing,phoenix
307868,All Call Plumbing LLC,CR-37,Plumbing,Mesa
311795,Gilbert Concrete Inc.,R-9,Concrete,Gilbert
313817,Behmer Industries Inc,KB-1,Dual Building Contractor,Scottsdale
316025,Kalex Enterprises LLC,R-62,Minor Home Improvements,Peoria
317755,Timothy Lynn Bjelland,CR-37,Plumbing,Golden Valley
319653,Plumbing Concepts LLC,CR-37,Plumbing,Tucson
321400,Double D Builders Inc,KB-2,Dual Residential and Small Commercial,Colorado City
322983,AZVP Construction LLC,KA-5,Dual Swimming Pool Contractor,Chandler
324111,Energy Mechanical LLC,CR-39,Air Conditioning and Refrigeration,Phoenix
325250,Miken Contracting LLC,KB-1,Dual Building Contractor,Chandler
326158,Arctic Desert Air LLC,CR-39,Air Conditioning and Refrigeration,Wittmann
327202,Monarch Solutions LLC,KB-2,Dual Residential and Small Commercial,Tucson
328268,FSL Home Improvements,B-3,General Remodeling and Repair Contractor,Phoenix
329193,FULL DRAW REMODEL LLC,R-62,Minor Home Improvements,San Tan Valley
329986,SAAT Construction LLC,CR-61,Carpentry Remodeling and Repairs,Phoenix
331037,J.V.J. Plastering LLC,CR-36,Plastering,Mesa
332106,LUCAS CONTRACTING INC,KB-1,Dual Building Contractor,Peoria
333124,Maintenance Depot LLC,KB-1,Dual Building Contractor,Scottsdale
333976,Jeffrey Paul Chambers,R-10,Drywall,Peoria
335066,Patt Construction LLC,KB-1,Dual Building Contractor,Tempe
335894,TruFix Mechanical LLC,CR-39,Air Conditioning and Refrigeration,Gilbert
336640,Realm Development LLC,KB-2,Dual Residential and Small Commercial,Phoenix
337441,AZ Home and Patio LLC,CR-65,Glazing,PEORIA
338277,Proftron Builders LLC,KB-2,Dual Residential and Small Commercial,Scottsdale
339122,Ocotillo Plumbing LLC,R-37R,Plumbing,TUCSON
339989,A-Plus Mechanical LLC,CR-39,Air Conditioning and Refrigeration,VERNON
340763,Gamez Contracting LLC,CR-2,Excavating Grading and Oil Surfacing,GLENDALE
341600,PARAGON EXTERIORS INC,CR-42,Roofing,Scottsdale
342424,JMH Window & Door LLC,CR-65,Glazing,MARICOPA
343025,Outlaw Excavating LLC,CR-80,Sewers Drains and Pipe Laying,Tucson
65157,Rust's River Glass Inc,CR-65,Glazing,Parker
75432,K A Z Construction Inc,B-2,General Small Commercial Contractor,Tucson
85605,Bryco Construction Inc,B-1,General Commercial Contractor,Peoria
95827,The Larger Company Inc,CR-24,Ornamental Metals,Tucson
105087,Specialty Building Inc,B,General Residential Contractor,Peoria
112551,Charles William Phelan,R-39R,Air Conditioning and Refrigeration,Tucson
125006,D B A Construction Inc,A,General Engineering,Phoenix
140044,L & K Construction LLC,B,General Residential Contractor,Tucson
151233,Apache Investments LLC,KB-1,Dual Building Contractor,Show Low
160723,Ludtke Contracting Inc,CR-11,Electrical,Glendale
169706,Firestop Southwest Inc,CR-5,As Restricted by the Registrar,Phoenix
177536,Kramer Inc D A and C L,CR-11,Electrical,Prescott
185600,Zackary Stephen Conner,CR-5,As Restricted by the Registrar,New River
191893,Sun Coast Builders Inc,KB-1,Dual Building Contractor,Phoenix
197638,Cutting Edge Homes Inc,KB-2,Dual Residential and Small Commercial,Lake Havasu City
206032,Menke Construction LLC,KB-2,Dual Residential and Small Commercial,Sedona
211691,Stewart David Johnston,CR-34,Painting and Wall Covering,Chandler
218753,M S I Construction Inc,KB-1,Dual Building Contractor,Phoenix
223916,Dorado Development LLC,B,General Residential Contractor,Queen Creek
230242,W T M Construction Inc,B-2,General Small Commercial Contractor,Payson
236293,Burgos Contracting LLC,CR-61,Carpentry Remodeling and Repairs,Phoenix
241645,US Energy Services Inc,C-11,Electrical,Scottsdale
248006,Beyond Development LLC,A,General Engineering,Phoenix
253349,Robert Allen Whitehall,CR-34,Painting and Wall Covering,Phoenix
259037,Del Sol Excavating LLC,CR-2,Excavating Grading and Oil Surfacing,Tucson
263934,Sunrise Structures LLC,KB-2,Dual Residential and Small Commercial,Mesa
268762,Saddleback Roofing Inc,CR-42,Roofing,Gilbert
273264,Desert Reflections LLC,KA,Dual Engineering,Tucson
277073,Prema Design Build LLC,A-5,Excavating Grading and Oil Surfacing,Phoenix
281976,A Laguna Pools Q C LLC,CR-36,Plastering,Queen Creek
286962,Bear Down Builders LLC,B,General Residential Contractor,Tucson
291415,Diego Technologies Inc,CR-67,Low Voltage Communication Systems,Yuma
293706,Atlas Fire Company LLC,C-16,Fire Protection Systems,Glendale
296738,Intex Custom Homes LLC,B,General Residential Contractor,Glendale
299270,Bolte Custom Homes LLC,KB-1,Dual Building Contractor,Scottsdale
302287,Attentive Builders LLC,B-2,General Small Commercial Contractor,Wittman
304916,Luna Home Services LLC,CR-39,Air Conditioning and Refrigeration,Tolleson
308629,All Pro Remodeling LLC,CR-61,Carpentry Remodeling and Repairs,Phoenix
311491,Richard Louis Weisberg,CR-21,Hardscaping and Irrigation Systems,Hereford
314286,JL Stainless Steel LLC,CR-45,Sheet Metal,Phoenix
316470,Desert Renovations LLC,KB-2,Dual Residential and Small Commercial,Scottsdale
318610,Elite Pro Services LLC,CR-11,Electrical,Gilbert
320798,Brownlee Companies LLC,R-2,Excavating Grading and Oil Surfacing,Payson
322496,High Profile Pools LLC,KA-5,Dual Swimming Pool Contractor,Gilbert
323751,HD Design Builders LLC,CR-61,Carpentry Remodeling and Repairs,Phoenix
324717,Cal Closets Retail Inc,CR-60,Finish Carpentry,Phoenix
325658,Courtland Homes II LLC,B,General Residential Contractor,Chandler
326588,Jackson Mechanical LLC,CR-39,Air Conditioning and Refrigeration,Mesa
328135,Imperial Wholesale Inc,CR-60,Finish Carpentry,Mesa
329083,The Pool Whisperer LLC,R-6,Swimming Pool Service and Repair,Gilbert
330410,Tiger and Services LLC,B-3,General Remodeling and Repair Contractor,Bellemont
331551,Dreamodel Plumbing LLC,CR-37,Plumbing,Phoenix
332413,Big House Flooring LLC,R-48,Ceramic Plastic and Metal Tile,Casa Grande
333156,O D I Construction LLC,CR-80,Sewers Drains and Pipe Laying,Scottsdale
334093,Grand Contracting Inc.,CR-34,Painting and Wall Covering,Phoenix
335008,Tri Point Services LLC,KB-1,Dual Building Contractor,Queen Creek
335831,Anew Brand Cooling LLC,CR-39,Air Conditioning and Refrigeration,BULLHEAD CITY
336721,THE GREAT BUILDERS LLC,B-3,General Remodeling and Repair Contractor,Glendale
337534,Twin's Contracting LLC,CR-2,Excavating Grading and Oil Surfacing,Phoenix
338281,Dialed In Services LLC,CR-39,Air Conditioning and Refrigeration,Mesa
338952,ALL STYLES OF TILE LLC,CR-48,Ceramic Plastic and Metal Tile,KINGMAN
339802,Sunsolar Solutions Inc,B-3,General Remodeling and Repair Contractor,Peoria
340612,Borbon Fabrication LLC,CR-60,Finish Carpentry,TUCSON
341316,Sunland Roofing L.L.C.,CR-42,Roofing,Phoenix
342498,Magnus Contracting LLC,CR-41,Septic Tanks and Systems,Buckeye
343120,Constructed Matter Inc,KB-1,Dual Building Contractor,Scottsdale
71379,Cochise Contractors Inc,CR-5,As Restricted by the Registrar,Phoenix
80924,Bedrock Enterprises Inc,B,General Residential Contractor,Bullhead City
94211,Paykar Construction Inc,B,General Residential Contractor,Tucson
104648,R Group Enterprises Inc,B-1,General Commercial Contractor,Kingman
119439,Westco Development Corp,B-1,General Commercial Contractor,Tucson
136006,P W A Electrical Co Inc,C-11,Electrical,Peoria
148262,Randall Wayne St Pierre,R-8,Floor Covering,Phoenix
157238,Millar Construction Inc,KB-1,Dual Building Contractor,Sedona
168379,Fisher Custom Homes LLC,KB-1,Dual Building Contractor,Scottsdale
177226,Portable Wood Sheds LLC,B,General Residential Contractor,Golden Valley
185711,Jeffory Clayton Chapman,R-11,Electrical,Prescott Valley
195436,Temeron Development Inc,B,General Residential Contractor,Prescott
202258,Arizona Stain Works Inc,CR-34,Painting and Wall Covering,Glendale
209332,L and L Landscaping LLC,CR-21,Hardscaping and Irrigation Systems,Tucson
216899,Kaiser Construction LLC,KB-1,Dual Building Contractor,Phoenix
223332,K R Building Design LLC,KB-2,Dual Residential and Small Commercial,Tucson
230744,Siope Soakai Teumohenga,CR-9,Concrete,Apache Junction
240795,Legends Enterprises LLC,CR-5,As Restricted by the Registrar,Glendale
247482,Lakota Construction LLC,B,General Residential Contractor,Phoenix
253728,Colley Construction LLC,B-1,General Commercial Contractor,Chandler
258771,Sun City Mechanical LLC,R-37,Plumbing Including Solar,Sun City
264801,AriSon Construction LLC,KB-2,Dual Residential and Small Commercial,Tucson
271500,Sweetwater Plumbing LLC,CR-37,Plumbing,Glendale
278006,Posco Manufacturing Inc,R-62,Minor Home Improvements,Tucson
282058,M S Construction Co Inc,B-1,General Commercial Contractor,SPRINGERVILLE
286886,Deveau Custom Homes LLC,B,General Residential Contractor,Scottsdale
290986,Nicoll Construction LLC,KB-1,Dual Building Contractor,Eagar
294540,Caliber Development LLC,KB-1,Dual Building Contractor,Scottsdale
298037,Tucson Pro Plumbing LLC,CR-37,Plumbing,Tucson
301790,Gecko Home Services LLC,CR-37,Plumbing,Surprise
304087,Real Purified Water LLC,CR-54,Water Conditioning Equipment,Yuma
307224,Astrid Construction LLC,CR-61,Carpentry Remodeling and Repairs,Sierra Vista
311019,Stetson Landscaping LLC,CR-21,Hardscaping and Irrigation Systems,Glendale
314218,Muddy Tires Grading LLC,CR-2,Excavating Grading and Oil Surfacing,Queen Creek
316719,Arizona Eco Designs LLC,B,General Residential Contractor,Sun City West
318916,Monumental Painting LLC,CR-34,Painting and Wall Covering,Phoenix
321062,Restored Remodeling LLC,CR-61,Carpentry Remodeling and Repairs,Mesa
322790,Big Sky Development LLC,B,General Residential Contractor,Peoria
324063,Indie Signage Sales LLC,C-38,Signs,Glendale
325199,Arizona State Fence LLC,CR-14,Fencing,Laveen
326200,Signature Exteriors LLC,B-4,General Residential Engineering Contract,Phoenix
327265,Farkas Construction LLC,R-61,Carpentry Remodeling and Repairs,Chandler
328499,Zackery Robert Anderson,R-37R,Plumbing,Kingman
329273,Wilbanks Excavating LLC,CR-41,Septic Tanks and Systems,Pine
330403,Desert Pool Service LLC,R-6,Swimming Pool Service and Repair,Scottsdale
331391,Assist Home Service LLC,CR-67,Low Voltage Communication Systems,Gilbert
332489,Desert Sun Builders LLC,KB-1,Dual Building Contractor,Maricopa
333414,LGS Global Property LLC,KB-1,Dual Building Contractor,Fountain Hills
334675,RJ Home Improvement LLC,R-62,Minor Home Improvements,Mesa
335822,GAA Kitchens & More LLC,CR-60,Finish Carpentry,Tucson
336895,Ravenwood Cabinetry LLC,CR-60,Finish Carpentry,Scottsdale
337611,Matthew David Brandlein,CR-24,Ornamental Metals,Phoenix
338300,H.I.S. Construction LLC,B,General Residential Contractor,Tucson
339322,PERFECTION POOLS L.L.C.,CR-6,Swimming Pool Service and Repair,GOODYEAR
340045,Carlton Keith Littleton,CR-60,Finish Carpentry,Phoenix
340831,Wion Home Services LLC.,R-62,Minor Home Improvements,SNOWFLAKE
341763,Agave Home Services LLC,R-62,Minor Home Improvements,Gilbert
342807,Assist Home Service LLC,R-62,Minor Home Improvements,Gilbert
51166,William Lewis Wilson III,R-37R,Plumbing,Mesa
78019,Fagerlie Enterprises Inc,B,General Residential Contractor,Phoenix
91907,Cook & Co Signmakers Inc,CR-38,Signs,Tucson
101173,Adobe Fire Equipment Inc,C-16,Fire Protection Systems,Glendale
112626,T L Hanks Excavating Inc,R-2,Excavating Grading and Oil Surfacing,Scottsdale
127927,Unique Home Services Inc,B,General Residential Contractor,Scottsdale
143023,Accel Communications Inc,CR-67,Low Voltage Communication Systems,Phoenix
153734,Goodroad Landscaping Inc,CR-21,Hardscaping and Irrigation Systems,Cave Creek
166777,Metro Fire Equipment Inc,R-16,Fire Protection Systems,Gilbert
176168,Desert Wind Shutters Inc,CR-5,As Restricted by the Registrar,Tucson
185392,Paradise Woodworking LLC,CR-60,Finish Carpentry,Scottsdale
193240,Hatfield Enterprises Inc,KB-1,Dual Building Contractor,Phoenix
200966,R & J S Construction Ltd,B-3,General Remodeling and Repair Contractor,Tucson
208843,B 3 Electric Corporation,CR-11,Electrical,Tucson
219430,Stephen William Klingler,B-1,General Commercial Contractor,Oro Valley
226747,A & C Floor Covering LLC,CR-8,Floor Covering,Avondale
231769,Good Guys Auto Glass LLC,CR-65,Glazing,Chandler
238817,Boydston Development LLC,KB-1,Dual Building Contractor,Phoenix
245892,Sollers Construction LLC,KB-1,Dual Building Contractor,Central
253565,T A B Tile and Stone LLC,CR-48,Ceramic Plastic and Metal Tile,Tucson
259501,Indicom Electric Company,A-17,Electrical and Transmission Lines,Mesa
265138,Shamrock Landscaping Inc,CR-21,Hardscaping and Irrigation Systems,Phoenix
269330,Skyline Construction LLC,KB-1,Dual Building Contractor,Glendale
273573,CLS Electric Corporation,CR-11,Electrical,Phoenix
279408,DNA Air Conditioning LLC,R-39,Air Conditioning and Refrigeration Inclu,mesa
284365,Bendigo Custom Stone Inc,CR-31,Masonry,Phoenix
288919,Global Data Services Inc,CR-67,Low Voltage Communication Systems,Glendale
294001,Phaneuf Construction Inc,B-2,General Small Commercial Contractor,Payson
298930,Resource Specialties Inc,KA,Dual Engineering,Show Low
302800,Quality 1st Painting LLC,CR-34,Painting and Wall Covering,Phoenix
306068,Contractors Alliance LLC,KB-2,Dual Residential and Small Commercial,Chandler
310179,Cristin Construction LLC,KB-1,Dual Building Contractor,Phoenix
312769,The Hiller Companies LLC,CR-16,Fire Protection Systems,Phoenix
316009,Edward Alexander Donohue,R-62,Minor Home Improvements,Gilbert
318021,Spencer Construction LLC,B-1,General Commercial Contractor,Oro Valley
320184,Hercules Contractors LLC,B,General Residential Contractor,Scottsdale
322354,Cole Capital Corporation,KB-1,Dual Building Contractor,Tucson
323793,Fireplace Specialist LLC,CR-63,Appliances,Phoenix
324745,Desert City Builders LLC,KB-2,Dual Residential and Small Commercial,Highley
325597,That Guy Landscaping LLC,CR-21,Hardscaping and Irrigation Systems,Phoenix
326610,Leones Pool Plumbing LLC,CR-37,Plumbing,Phoenix
327589,D and M Well Service LLC,CR-53,Water Well Drilling,Elfrida
328688,MW Heating & Cooling LLC,CR-39,Air Conditioning and Refrigeration,Cottonwood
330054,G.G.B. Enterprises L.L.C,KB-2,Dual Residential and Small Commercial,Surprise
331258,Carroll Garage Doors Inc,R-61,Carpentry Remodeling and Repairs,Ft. Mohave
332440,Wolfpack Contracting LLC,KB-2,Dual Residential and Small Commercial,Phoenix
333354,RESCUE HOME SERVICES LLC,CR-37,Plumbing,Apache Junction
334695,Becker's Renovations LLC,R-61,Carpentry Remodeling and Repairs,Queen Creek
335935,JMG Granite & Marble LLC,CR-60,Finish Carpentry,Phoenix
336666,Camcor Home Services LLC,CR-39,Air Conditioning and Refrigeration,New River
337482,Gray Stone Interiors LLC,B-3,General Remodeling and Repair Contractor,San Tan Valley
338399,Chris Vines Painting LLC,CR-34,Painting and Wall Covering,Kingman
339457,Happy Homes Flooring LLC,CR-8,Floor Covering,Phoenix
340421,Maverick renovations llc,KB-2,Dual Residential and Small Commercial,AVONDALE
341032,SMITTY BUILT COMPANY LLC,CR-24,Ornamental Metals,TUCSON
342076,The Installation Guy LLC,CR-60,Finish Carpentry,Phoenix
343126,WHITE TANKS PLUMBING LLC,R-2,Excavating Grading and Oil Surfacing,Wittmann
69777,Southwest Slurry Seal LLC,A-14,Asphalt Paving,Phoenix
86989,Palo Verde Plastering Inc,B,General Residential Contractor,Glendale
104645,B and J Refrigeration Inc,C-39,Air Conditioning and Refrigeration,Tucson
121135,Contemporary Flooring Inc,CR-8,Floor Covering,Phoenix
137648,Russel William Gerrard Jr,CR-39,Air Conditioning and Refrigeration,Phoenix
149269,Dreamstone Industries Inc,B,General Residential Contractor,Scottsdale
160962,Stevenson Development Inc,B-1,General Commercial Contractor,Queen Creek
171131,Benscoter Development LLC,B,General Residential Contractor,Scottsdale
183419,On Call Refrigeration Inc,CR-39,Air Conditioning and Refrigeration,Yuma
194626,Environments by Rojas LLC,CR-21,Hardscaping and Irrigation Systems,Prescott Valley
203624,Rodriguez Development LLC,B,General Residential Contractor,Glendale
208822,R W Strunk Excavating Inc,CR-80,Sewers Drains and Pipe Laying,Tucson
215765,Alexander Robert McMillan,R-62,Minor Home Improvements,Chandler
225931,Top Choice Management Inc,B,General Residential Contractor,Paradise Valley
234038,Risco A C and Heating LLC,CR-39,Air Conditioning and Refrigeration,Buckeye
239577,Executive Development LLC,B,General Residential Contractor,Kingman
245937,Cardinals Tile Design LLC,CR-48,Ceramic Plastic and Metal Tile,Sahuarita
253730,T and L Refrigeration LLC,CR-39,Air Conditioning and Refrigeration,Gilbert
261402,Universal Fog Systems Inc,CR-5,As Restricted by the Registrar,Mesa
267794,Palmieri Construction Inc,KB-1,Dual Building Contractor,Lake Havasu City
272547,AAM Plumbing Services LLC,CR-37,Plumbing,Maricopa
276739,R & C Quality Customs LLC,B,General Residential Contractor,Carefree
281841,Sonoran Capital Group Inc,KB-1,Dual Building Contractor,Tucson
288063,Mike Doherty Plumbing LLC,CR-37,Plumbing,Tucson
294139,Copper Point Electric LLC,C-11,Electrical,Phoenix
299097,Arizona Desert Shades LLC,CR-3,Awnings Canopies Carports and Patio Cove,Mesa
303132,LNL Concrete & Bobcat LLC,CR-9,Concrete,Bullhead City
306282,U S Carpentry Phoenix LLC,CR-7,Carpentry,Scottsdale
311989,Centerline Mechanical LLC,C-4,Boilers Steamfitting and Process Piping,Tucson
315413,TLC Business Services LLC,CR-39,Air Conditioning and Refrigeration,Mesa
317819,3 Points Construction LLC,B-1,General Commercial Contractor,TUCSON
319794,Alliance Paint & Seal LLC,CR-69,Asphalt Paving,Tucson
322608,BRH Home Improvements LLC,CR-61,Carpentry Remodeling and Repairs,Phoenix
324054,Make Remodeling Great LLC,CR-61,Carpentry Remodeling and Repairs,Phoenix
325197,Landmark Luxury Group LLC,B,General Residential Contractor,Scottsdale
326214,A Foremost Roofing Co LLC,CR-42,Roofing,Phoenix
327510,Another Level Drywall LLC,CR-10,Drywall,Tucson
328684,RITE NOW CONSTRUCTION LLC,KB-1,Dual Building Contractor,Phoenix
330292,Schuyler Construction LLC,B-1,General Commercial Contractor,Tucson
331666,Desert Armor Coatings LLC,CR-8,Floor Covering,MESA
332981,Reliable Glass Tucson LLC,CR-65,Glazing,Chandler
334179,Cor Azul Construction LLC,KB-2,Dual Residential and Small Commercial,Florence
335001,Breezyhill Remodeling LLC,B-3,General Remodeling and Repair Contractor,Maricopa
335847,I. E. K. Construction LLC,B-3,General Remodeling and Repair Contractor,Buckeye
336802,Canterra Construction LLC,KB-2,Dual Residential and Small Commercial,Gilbert
337849,JNS Tile & Remodeling LLC,KB-1,Dual Building Contractor,Phoenix
338845,Setter's Pool Service LLC,CR-6,Swimming Pool Service and Repair,PHOENIX
339998,Summer Storm Services LLC,CR-21,Hardscaping and Irrigation Systems,APACHE JUNCTION
340923,AZ Plumbing Solutions LLC,CR-37,Plumbing,Chandler
342006,Rexford Clarke Bigelow Jr,CR-48,Ceramic Plastic and Metal Tile,Scottsdale
343006,AS Specialty Services LLC,CR-2,Excavating Grading and Oil Surfacing,Oro Valley
69715,Cobre Building Systems Inc,B-1,General Commercial Contractor,Tucson
89282,George Clinton Phillips Jr,CR-21,Hardscaping and Irrigation Systems,Phoenix
103599,West Point Contractors Inc,A,General Engineering,Tucson
121716,Thomas Richard Robedeau Jr,R-11,Electrical,Prescott
143629,Giachetti Construction LLC,KB-1,Dual Building Contractor,Tucson
159928,Wakefield Construction Inc,CR-60,Finish Carpentry,Peoria
174054,Integra Pools and Spas Inc,KA-5,Dual Swimming Pool Contractor,Tucson
187233,Q T M Tile Contractors LLC,CR-48,Ceramic Plastic and Metal Tile,Prescott
194134,Copperstate Mechanical LLC,CR-37,Plumbing,Phoenix
204548,Delta Electric and Air LLC,CR-39,Air Conditioning and Refrigeration,Phoenix
214514,Tucson Hardwood Floors LLC,CR-8,Floor Covering,Tucson
225774,Liquid Granite Company LLC,CR-5,As Restricted by the Registrar,Phoenix
231786,Grand State Plastering Inc,CR-36,Plastering,Laveen
242524,Four Star Construction LLC,B,General Residential Contractor,Sun City
252351,Stoneking Construction LLC,CR-39,Air Conditioning and Refrigeration,Kingman
261376,Rich and Sons Plumbing Inc,C-37,Plumbing,El Mirage
269516,Martenson Construction LLC,KB-2,Dual Residential and Small Commercial,El Mirage
274451,Impact Sign & Graphics LLC,CR-38,Signs,Scottsdale
278607,Heritage Interiors ISI LLC,CR-5,As Restricted by the Registrar,Phoenix
284823,Power Tech Contracting LLC,B,General Residential Contractor,Chandler Heights
289705,Irrigation Specialties LLC,CR-21,Hardscaping and Irrigation Systems,Queen Creek
294550,Vista Building Corporation,KB-1,Dual Building Contractor,Chandler
297983,Straightline Landscape Inc,B,General Residential Contractor,Phoenix
302965,Tap That Water Company LLC,CR-54,Water Conditioning Equipment,Yuma
306431,Titan Construction USA LLC,KA,Dual Engineering,Phoenix
311140,Elegant Entrys Arizona LLC,B-3,General Remodeling and Repair Contractor,Phoenix
314242,P L H A Z Construction LLC,KB-2,Dual Residential and Small Commercial,Gilbert
316914,Kodiak Interiors Group LLC,CR-8,Floor Covering,Phoenix
319720,Skill Center Workshops LLC,KB-1,Dual Building Contractor,Dewey
322269,High Elevation Roofing LLC,CR-42,Roofing,Flagstaff
323725,Dynamic Air & Electric LLC,CR-39,Air Conditioning and Refrigeration,Peoria
325617,VIP Landscape Services LLC,CR-21,Hardscaping and Irrigation Systems,Tolleson
327027,Everstand Construction LLC,R-2,Excavating Grading and Oil Surfacing,Scottsdale
328083,Mingus Ridge Cabinetry LLC,CR-60,Finish Carpentry,Prescott
329732,Perfect Touch Painting LLC,CR-34,Painting and Wall Covering,Mesa
331271,Stewart Country Cabins LLC,B,General Residential Contractor,Overgaard
333034,Air Bear Home Services LLC,CR-79,Air Conditioning and Refrigeration Inclu,Phoenix
334191,Blue Canyon Remodeling LLC,R-62,Minor Home Improvements,Surprise
335420,Powerhouse Enterprises LLC,CR-61,Carpentry Remodeling and Repairs,Mesa
336891,Standard Power Company LLC,CR-11,Electrical,Lake Havasu City
338006,M R Bonner Enterprises LLC,CR-61,Carpentry Remodeling and Repairs,Scottsdale
339070,ABNER ARIZONA PLUMBING LLC,CR-37,Plumbing,Casa Grande
340290,Belval Pool Plastering LLC,R-36,Plastering,Phoenix
341529,C&N Flooring Solutions LLC,CR-8,Floor Covering,CHINO VALLEY
342762,Luxury Home Remodeling LLC,B-3,General Remodeling and Repair Contractor,Glendale
65910,Creative Water Concepts Inc,B-5,General Swimming Pool Contractor,Scottsdale
87910,Sunrise Asphalt Company Inc,R-13,Asphalt Paving,Tucson
107935,P C I Prime Contracting Inc,A,General Engineering,Glendale
136464,Lumberjack Construction ACC,B,General Residential Contractor,Flagstaff
154395,F and F Carpet Cleaning Inc,CR-8,Floor Covering,Scottsdale
170530,Eagle Plumbing Services LLC,CR-37,Plumbing,Gilbert
185337,Shangri La Custom Homes Inc,B,General Residential Contractor,Scottsdale
192404,Asphalt Paving & Supply Inc,R-2,Excavating Grading and Oil Surfacing,Prescott Valley
204161,Ameris Construction Company,KB-1,Dual Building Contractor,Scottsdale
213155,West Build Construction LLC,KB-2,Dual Residential and Small Commercial,Chino Valley
224179,Treemendous Landscaping LLC,CR-21,Hardscaping and Irrigation Systems,Phoenix
233203,Artisan Custom Builders LLC,KB-2,Dual Residential and Small Commercial,Glendale
240439,Air Design A C and Heat LLC,CR-39,Air Conditioning and Refrigeration,Phoenix
249824,Desert Eagle Remodeling LLC,CR-61,Carpentry Remodeling and Repairs,Phoenix
259737,Resolution Fire + Flood LLC,R-62,Minor Home Improvements,Scottsdale
266228,Royal Covers Of Arizona Inc,CR-11,Electrical,Mesa
271028,Armor Plumbing & Boiler Inc,R-37R,Plumbing,Chandler
276993,Tritan Security Systems LLC,CR-67,Low Voltage Communication Systems,Surprise
282130,J & C Heating & Cooling LLC,CR-39,Air Conditioning and Refrigeration,Phoenix
289282,HandyMazz Home Services LLC,CR-39,Air Conditioning and Refrigeration,Phoenix
296073,Plumber of Arizona P.L.L.C.,CR-37,Plumbing,Tucson
301590,MC Construction Company LLC,KB-1,Dual Building Contractor,Queen Creek
306187,Desert Pool & Landscape Inc,CR-21,Hardscaping and Irrigation Systems,Mesa
310562,Pauliasi Fifita Vakameilalo,CR-31,Masonry,Phoenix
314926,Western Climate Control LLC,CR-39,Air Conditioning and Refrigeration,Glendale
317895,Ray's Plumbing Services LLC,CR-37,Plumbing,Parker
322188,Way Better Construction LLC,CR-61,Carpentry Remodeling and Repairs,Flagstaff
323932,Dean Cooper Enterprises LLC,KB-2,Dual Residential and Small Commercial,Chandler
325788,Desert Outdoor Builders LLC,KB-2,Dual Residential and Small Commercial,Peoria
326884,Alliance Rental Repairs LLC,CR-11,Electrical,Gilbert
328132,Collaborative Construct LLC,KB-1,Dual Building Contractor,Glendale
329720,A&A Mechanical And HVAC LLC,CR-39,Air Conditioning and Refrigeration,Mesa
331453,Twin Star Construction Inc.,B,General Residential Contractor,Glendale
332994,American Elite tile co. LLC,CR-48,Ceramic Plastic and Metal Tile,Maricopa
334193,Innovating Engineering Inc.,CR-79,Air Conditioning and Refrigeration Inclu,Tempe
335422,CNC Electrical Services Inc,CR-11,Electrical,Williams
336732,Oro Valley Custom Homes LLC,KB-2,Dual Residential and Small Commercial,ORO VALLEY
338033,WESTERN DESERT ELECTRIC LLC,CR-11,Electrical,TEMPE
339141,JT General Construction LLC,KB-2,Dual Residential and Small Commercial,PRESCOTT VALLEY
340480,Valley Design and Build LLC,B-3,General Remodeling and Repair Contractor,Scottsdale
342297,Urban Outdoor Solutions LLC,CR-21,Hardscaping and Irrigation Systems,GILBERT
343087,Integrity Paint Systems LLC,CR-34,Painting and Wall Covering,Marana
78439,Kirk Nielson Development Inc,B,General Residential Contractor,Mesa
97134,Skinner Interior Systems Inc,CR-10,Drywall,Phoenix
118324,Beeline Concrete Cutting Inc,C-9,Concrete,Prescott Valley
150350,Metro Worldwide Services Inc,KB-1,Dual Building Contractor,Phoenix
170774,Greater Phoenix Electric Inc,C-11,Electrical,Phoenix
185230,Roberts Quality Builders LLC,KB-1,Dual Building Contractor,Gold Canyon
195804,Breinholt Contracting Co Inc,KB-1,Dual Building Contractor,Gilbert
209825,Arizona Central Electric Inc,CR-11,Electrical,Glendale
220145,Kevin's Classic Plumbing LLC,R-37R,Plumbing,Scottsdale
229019,Western Accents Painting LLC,CR-34,Painting and Wall Covering,Glendale
239442,G R B Construction Group LLC,B-2,General Small Commercial Contractor,Tucson
248487,Kennedy Air Technologies LLC,CR-39,Air Conditioning and Refrigeration,Phoenix
258579,Desert Fox Refrigeration LLC,CR-39,Air Conditioning and Refrigeration,Peoria
266677,Alarms Security Networks LLC,B-1,General Commercial Contractor,Yuma
275065,Service Direct Landscape LLC,CR-21,Hardscaping and Irrigation Systems,Phoenix
278627,B & D Marble and Granite LLC,CR-60,Finish Carpentry,Phoenix
285507,Integration Design Group Inc,CR-67,Low Voltage Communication Systems,Scottsdale
291590,Sonoran Dreams Landscape LLC,CR-21,Hardscaping and Irrigation Systems,Oro Valley
297081,Premier Painting Service LLC,CR-34,Painting and Wall Covering,Prescott Valley
303611,Charles Joseph Daniel Swartz,CR-69,Asphalt Paving,Yuma
310421,Lopez Brothers Interiors LLC,CR-1,Acoustical Systems,Laveen
314820,Sebastian & Sons Roofing LLC,CR-42,Roofing,Prescott Valley
318848,El Leon Painting Company LLC,CR-61,Carpentry Remodeling and Repairs,Phoenix
322198,Icon Development Company Inc,A,General Engineering,Scottsdale
324245,Arthur's Carpet and Tile LLC,CR-8,Floor Covering,Chandler
325789,Caribbean Pools and Spas Inc,B-4,General Residential Engineering Contract,Gilbert
327375,Arizona Plumbing Experts LLC,CR-37,Plumbing,Mesa
328997,Buzzworthy Home Services LLC,CR-61,Carpentry Remodeling and Repairs,Scottsdale
330539,Bright Home Construction LLC,CR-61,Carpentry Remodeling and Repairs,Tempe
332334,American Premier Builder LLC,KB-2,Dual Residential and Small Commercial,Phoenix
333507,Rivers Cooling & Heating LLC,CR-39,Air Conditioning and Refrigeration,Apache Junction
335156,ETS Electrical Solutions LLC,CR-11,Electrical,Tucson
336184,Expert Property Services LLC,B-3,General Remodeling and Repair Contractor,Chandler
337650,Southwest Plumbing & Air LLC,CR-39,Air Conditioning and Refrigeration,Yuma
338760,High Desert Custom Homes LLC,B,General Residential Contractor,PRESCOTT
339894,LUCAS CONSTRUCTION GROUP LLC,KB-1,Dual Building Contractor,Scottsdale
340941,Phoenix Roofing & Repair LLC,CR-42,Roofing,PHOENIX
342255,RENovations Construction LLC,CR-61,Carpentry Remodeling and Repairs,PHOENIX
58464,Marlin Mechanical Corporation,R-37R,Plumbing,Phoenix
89014,Sunset Valleywide Roofing Inc,CR-42,Roofing,Scottsdale
111599,Padilla Signature Builder Inc,B,General Residential Contractor,Scottsdale
137612,M T V General Contractors Inc,A,General Engineering,Mesa
160836,A C S Inspection Services LLC,CR-5,As Restricted by the Registrar,Peoria
181300,Hall Brother's Excavation LLC,KA,Dual Engineering,Yuma
192753,Prescott Flooring Brokers LLC,CR-8,Floor Covering,Prescott
205508,Ground Zero Plumbing & AC LLC,CR-39,Air Conditioning and Refrigeration,Gilbert
216065,Lundell Electric Services Inc,CR-11,Electrical,Mesa
227324,Magic Touch Remodeling Az LLC,CR-61,Carpentry Remodeling and Repairs,Scottsdale
239634,Arizona Creative Surfaces LLC,CR-5,As Restricted by the Registrar,Mesa
249486,Enterprise Tile and Stone LLC,CR-48,Ceramic Plastic and Metal Tile,Gilbert
257477,Arizona Restaurant Supply Inc,C-49,Refrigeration,Tucson
266758,Orbit Mechanical Services LLC,CR-77,Plumbing Including Solar,Tempe
274205,Fratantoni Luxury Estates LLC,B,General Residential Contractor,Scottsdale
277831,Custom Interior Additions LLC,B-3,General Remodeling and Repair Contractor,Phoenix
283445,Farley & Sons Contracting LLC,B,General Residential Contractor,Chandler
290619,JLG Masonry & Contracting LLC,KB-2,Dual Residential and Small Commercial,Prescott
297329,MW Morrissey Construction LLC,KB-1,Dual Building Contractor,Tucson
302923,Moralez Ranch Enterprises LLC,CR-2,Excavating Grading and Oil Surfacing,Congress
309414,Rooty's Plumbing Services LLC,CR-37,Plumbing,Mesa
314850,Arizona Pool Restorations Inc,CR-6,Swimming Pool Service and Repair,Tucson
318214,Valley Of The Sun Roofing LLC,R-62,Minor Home Improvements,Tolleson
321023,Coyote Creek Construction Inc,KB-2,Dual Residential and Small Commercial,Cave Creek
323687,JNK Landscaping And Pools LLC,CR-21,Hardscaping and Irrigation Systems,Gilbert
325038,B & E Heating And Cooling LLC,CR-39,Air Conditioning and Refrigeration,Glendale
326949,Walsh Mechanical Services LLC,CR-39,Air Conditioning and Refrigeration,Golden Valley
329098,James Shackleford Roofing LLC,CR-42,Roofing,Paulden
331483,Avondale Air and Electric LLC,B,General Residential Contractor,Goodyear
333014,MCG Property Improvements LLC,CR-61,Carpentry Remodeling and Repairs,Tucson
334414,Neo Construction Partners LLC,KB-1,Dual Building Contractor,Phoenix
335740,Lonely Willow Enterprises LLC,B-3,General Remodeling and Repair Contractor,Prescott
337344,Fire Sprinkler Installers LLC,CR-16,Fire Protection Systems,GILBERT
338410,Krickinmyneck Contracting LLC,KB-2,Dual Residential and Small Commercial,Gilbert
339481,Corporate A/C And Heating LLC,CR-39,Air Conditioning and Refrigeration,San Tan Valley
340703,XANDER'S EMPIRE SOLUTIONS LLC,B-3,General Remodeling and Repair Contractor,MESA
342033,THE SUN COMPANY AMERICAS INC.,CR-11,Electrical,Tucson
27458,Cannon & Wendt Electric Co Inc,R-11,Electrical,Phoenix
73494,Arizona Northern Equipment Inc,A,General Engineering,Cottonwood
95089,M P Environmental Services Inc,KO,As Restricted by the Registrar,Phoenix
122099,Wallace Incorporated Construct,C-11,Electrical,Peoria
143572,High Desert Communications Inc,B,General Residential Contractor,Mesa
159985,Bauhaus Design Development Inc,KB-2,Dual Residential and Small Commercial,Tucson
174700,J Dusanek Air Conditioning Inc,CR-39,Air Conditioning and Refrigeration,Chandler
192652,Custom Systems Integration LLC,CR-67,Low Voltage Communication Systems,Phoenix
210180,Las Lomas Building Company LLC,B,General Residential Contractor,Mesa
222252,Earth Builder Construction LLC,KB-2,Dual Residential and Small Commercial,Rio Rico
233008,Total Care Ground Services LLC,CR-21,Hardscaping and Irrigation Systems,Litchfield Park
245469,Renovation Solutions Group Inc,KB-1,Dual Building Contractor,Phoenix
256458,Artistic Alloys and Design LLC,CR-24,Ornamental Metals,Scottsdale
266167,Environmental Conditioning LLC,C-77,Plumbing Including Solar,Phoenix
275795,Vertech Industrial Systems LLC,C-11,Electrical,Phoenix
284657,A Finer Touch Construction LLC,KB-1,Dual Building Contractor,Scottsdale
292674,LCI Commercial Construction Co,B-1,General Commercial Contractor,Tucson
300023,Landmark Development Group LLC,KB-2,Dual Residential and Small Commercial,Yuma
307223,Harte Contracting Services LLC,KB-1,Dual Building Contractor,Apache Junction
313137,Arizona Electric and Solar LLC,A-17,Electrical and Transmission Lines,Queen Creek
318532,Ray's Top Quality Painting LLC,CR-34,Painting and Wall Covering,Glendale
322470,Dominion Flooring Concepts LLC,CR-8,Floor Covering,Somerton
324532,Craig Plumbing Contractors Inc,A-14,Asphalt Paving,Lake Havasu City
326760,Sandia General Contracting LLC,KB-2,Dual Residential and Small Commercial,Glendale
328750,FAST AIR HEATING & COOLING LLC,CR-39,Air Conditioning and Refrigeration,Gilbert (Maricopa)
330634,Inland Prestige Properties LLC,B-5,General Swimming Pool Contractor,Lake Havasu City
331913,Salazar Construction Group LLC,R-62,Minor Home Improvements,Avondale
333419,Design & Building Concepts LLC,CR-11,Electrical,Tucson
335024,Samaniego Pool Renovations LLC,B-5,General Swimming Pool Contractor,Laveen
336885,A2Z Pool & Electrical Guys LLC,CR-6,Swimming Pool Service and Repair,PHOENIX
338715,ProVice Property Solutions LLC,B-3,General Remodeling and Repair Contractor,Mesa
340371,Kingdom Treasuries Corporation,CR-34,Painting and Wall Covering,PEORIA
342029,Marshall's Interior Design LLC,CR-60,Finish Carpentry,Gilbert
55727,Kenson Construction Company Inc,B,General Residential Contractor,Prescott
84725,Caylor Land and Development Inc,B-1,General Commercial Contractor,Tucson
117327,B A S S Electric Of Arizona Inc,C-11,Electrical,Mesa
146646,Caldwell Watza Construction LLC,B-1,General Commercial Contractor,Tucson
170682,American Tradition Builders Inc,B,General Residential Contractor,Gilbert
184659,O Brien Iomlan Construction LLC,B,General Residential Contractor,Chandler
202641,Quick Refrigeration Company Inc,R-39R,Air Conditioning and Refrigeration,Yuma
217609,Argus Construction Services LLC,A,General Engineering,Glendale
228925,Integrated Metal Structures LLC,CR-24,Ornamental Metals,Phoenix
246479,Lundburg Service and Repair LLC,R-6,Swimming Pool Service and Repair,Phoenix
260781,DAP Construction Management LLC,KB-1,Dual Building Contractor,Phoenix
276841,Arizona Pump & Well Service LLC,R-37R,Plumbing,Sonoita
289032,Royal Construction Services LLC,CR-61,Carpentry Remodeling and Repairs,Phoenix
297182,Baker Pool Service & Repair LLC,R-6,Swimming Pool Service and Repair,Gilbert
303194,A-Quality Roll-Out Drawers Corp,R-60,Finish Carpentry,Phoenix
309216,Wyman Plumbing & Mechanical LLC,CR-37,Plumbing,Phoenix
317540,Heritage Concrete Placement LLC,CR-9,Concrete,Tucson
321649,Garage Solutions of Arizona LLC,CR-34,Painting and Wall Covering,Queen Creek
324768,S & A Plumbing & Mechanical Inc,CR-37,Plumbing,Litchfield Park
326942,Leading Edge Modernizations LLC,CR-8,Floor Covering,Mesa
329183,Iconic Garage Door Services LLC,CR-60,Finish Carpentry,Queen Creek
331325,Hidden Canyon Construction Inc.,B,General Residential Contractor,Kingman
333336,Temeka Advertising Incorporated,C-38,Signs,Chandler
334673,PLUMLEE'S PLUMBING SERVICES LLC,CR-37,Plumbing,Lake Havasu City
336520,Williams Remodel And Repair LLC,KB-2,Dual Residential and Small Commercial,Phoenix
338439,Cargo Air Cooling & Heating LLC,CR-39,Air Conditioning and Refrigeration,Glendale
340362,Legacy Directional Drilling LLC,CR-80,Sewers Drains and Pipe Laying,Gilbert
342148,DESERT CONCEPTS MAINTENANCE LLC,CR-21,Hardscaping and Irrigation Systems,CONGRESS
70939,Fyffe Masonry and Plastering Inc,CR-31,Masonry,Glendale
106684,Swisher Construction Company Inc,B,General Residential Contractor,Phoenix
135871,Abstract Electrical Services Inc,R-11,Electrical,Glendale
166390,Iddings and Sons Landscaping Inc,CR-21,Hardscaping and Irrigation Systems,Phoenix
193355,Heatwave General Contracting Inc,KB-1,Dual Building Contractor,Glendale
208877,Southern Arizona Renovations LLC,KB-2,Dual Residential and Small Commercial,Green Valley
220742,Associated Building Services Inc,CR-8,Floor Covering,Phoenix
234798,Aero Automatic Sprinkler Company,C-16,Fire Protection Systems,Phoenix
243873,Dressel and Son Construction LLC,CR-61,Carpentry Remodeling and Repairs,Chino Valley
257616,Asphalt Restoration Services Inc,A-14,Asphalt Paving,Phoenix
273463,Keller Electrical Industries LLC,R-11,Electrical,PHOENIX
282368,Terra Environmental Services LLC,CR-21,Hardscaping and Irrigation Systems,Tucson
293666,Valley Telephone Cooperative Inc,CR-67,Low Voltage Communication Systems,Willcox
302755,CoolTech Heating and Cooling LLC,CR-39,Air Conditioning and Refrigeration,San Tan Valley
308921,Stewart Mechanical Solutions LLC,CR-39,Air Conditioning and Refrigeration,Phoenix
315503,Johnston Industrial Electric LLC,CR-11,Electrical,Yuma
320728,Valley of the Sun Contractor LLC,CR-8,Floor Covering,Litchfield Park
323783,Dynamic Solar and Electrical LLC,R-11,Electrical,Peoria
325461,McCoy and Sons Custom Pools Inc.,B-5,General Swimming Pool Contractor,Gilbert
327825,Phelps Precision Innovations LLC,KB-1,Dual Building Contractor,Show Low
330787,Thomas Landscape Maintenance Inc,CR-21,Hardscaping and Irrigation Systems,Sun City
333729,Top Dawg General Contracting LLC,CR-11,Electrical,PAYSON
337237,PipeDreams Ventures Holdings LLC,CR-39,Air Conditioning and Refrigeration,Tucson
339747,Armstrong Construction Group LLC,KB-1,Dual Building Contractor,Scottsdale
341937,J B Sales & Water Distillers LLC,CR-39,Air Conditioning and Refrigeration,Mesa
68029,Canyon State Electric Company Inc,C-11,Electrical,Phoenix
103249,Delta Diversified Enterprises Inc,A-17,Electrical and Transmission Lines,Tempe
146748,Southwest Protective Coatings Inc,CR-34,Painting and Wall Covering,Scottsdale
171018,Integrated Sound and Security LLC,CR-67,Low Voltage Communication Systems,Flagstaff
193303,Thomas Electrical Contractors Inc,CR-11,Electrical,Phoenix
214921,Dream Perfection Construction LLC,C-61,Carpentry Remodeling and Repairs,Gilbert
237970,Rick Tibbett Building Company LLC,B,General Residential Contractor,Phoenix
258531,Ultimate Contracting Services LLC,CR-61,Carpentry Remodeling and Repairs,Glendale
273567,Worlock Mechanical Contractor LLC,R-39R,Air Conditioning and Refrigeration,Peoria
285262,Sanctuary Custom Construction LLC,B,General Residential Contractor,Tucson
295584,Superior Grading & Excavating LLC,CR-2,Excavating Grading and Oil Surfacing,Prescott Valley
306824,Landscape Solutions Of Tucson LLC,CR-31,Masonry,Tucson
315931,JR McDade Co Acquisition LLC (FN),CR-8,Floor Covering,Phoenix
322455,Turf & Stone Landscape Design LLC,CR-21,Hardscaping and Irrigation Systems,Buckeye
325994,Dynamic Stainless Fabrication Inc,CR-56,Welding,Maricopa
330439,Stewart and Sons Construction LLC,KB-2,Dual Residential and Small Commercial,Jerome
333187,Innovative Custom Contractors LLC,KA-5,Dual Swimming Pool Contractor,Chandler
335898,Morales Artistic Wrought Iron LLC,CR-17,Steel and Aluminum Erection,Phoenix
338633,TOTAL DAIRY SOLUTIONS ARIZONA LLC,C-11,Electrical,Buckeye
340312,Apex Plumbing and Pipefitting LLC,R-37R,Plumbing,Surprise
342994,AJ's Signature Swimming Pools Inc,CR-31,Masonry,Scottsdale
95189,Sunland Asphalt & Construction LLC,R-13,Asphalt Paving,Phoenix
146920,Designing Commercial Interiors Inc,CR-10,Drywall,Buckeye
185282,Badger Building and Remodeling Inc,B,General Residential Contractor,Mesa
208648,Cunningham Heating and Cooling Inc,R-39R,Air Conditioning and Refrigeration,Apache Junction
232129,Remedy Restoration Contracting Inc,B-3,General Remodeling and Repair Contractor,Chandler
256165,E and M Electrical Contractors LLC,CR-11,Electrical,Mesa
270419,Wild West Painting and Drywall Inc,CR-61,Carpentry Remodeling and Repairs,Tucson
285712,Mark's Demolition & Excavating Inc,KB-2,Dual Residential and Small Commercial,Mesa
299296,Christian Brothers Plumbing Co Inc,CR-11,Electrical,Glendale
310144,Quality Overhead Door Incorporated,CR-60,Finish Carpentry,Mesa
316036,V E P Valley Exterior Painting LLC,CR-34,Painting and Wall Covering,Goodyear
322113,America's Best Roofing Company LLC,CR-42,Roofing,Tucson
325579,Creative Wood Finish Carpentry LLC,CR-60,Finish Carpentry,Mesa
328817,LA GRANDE CONSTRUCTION COMPANY LLC,KB-1,Dual Building Contractor,PHOENIX
332135,Elite Underground Construction LLC,CR-8,Floor Covering,Goodyear
334211,Precision Blueprint Remodeling LLC,KB-2,Dual Residential and Small Commercial,San Tan Valley
336553,Island Blue Pool Plastering L.L.C.,CR-36,Plastering,PHOENIX
339922,AM Irrigation and Landscape L.L.C.,CR-21,Hardscaping and Irrigation Systems,Phoenix
342748,Sunrise Grading and Excavation LLC,CR-2,Excavating Grading and Oil Surfacing,laveen
134797,Air Central Heating and Cooling Inc,R-39R,Air Conditioning and Refrigeration,YUMA
184075,Super Drain Rooter and Plumbers Inc,CR-37,Plumbing,Tucson
209358,Main Construction and Landscape LLC,B,General Residential Contractor,Kingman
244846,Kitchell Environmental Services Inc,B-1,General Commercial Contractor,Phoenix
264026,Artistic Carpet and Restoration Inc,CR-61,Carpentry Remodeling and Repairs,Tucson
279878,Elite Home Maintenance Services LLC,B-3,General Remodeling and Repair Contractor,Gilbert
295393,Dunn Plumbing and Drain Service LLC,CR-37,Plumbing,Tucson
308839,Salazar Landscaping & Gardening LLC,CR-21,Hardscaping and Irrigation Systems,Surprise
319060,Grace Construction & Remodeling LLC,KB-2,Dual Residential and Small Commercial,Tucson
325976,Proactive Construction Services Inc,C-39,Air Conditioning and Refrigeration,Scottsdale
329423,Designer Pools & Outdoor Living LLC,KA-5,Dual Swimming Pool Contractor,Phoenix
334125,Quality Growth And Developments LLC,R-62,Minor Home Improvements,Phoenix
338642,MasterCraft Garage Door Service LLC,CR-60,Finish Carpentry,Gilbert
342169,SOLID GROUND GENERAL CONTRACTOR LLC,CR-60,Finish Carpentry,Glendale
72813,Qualified Mechanical Contractors Inc,C-37,Plumbing,Tucson
109451,R Dahlstrom Construction Company LLC,B-1,General Commercial Contractor,Tucson
172436,Scott's Diversified Construction Inc,KA,Dual Engineering,Gilbert
212090,Qualtire Plumbing & Construction Acc,CR-11,Electrical,Phoenix
246116,Adams Contracting and Excavating Inc,KA,Dual Engineering,Buckeye
262093,Marcon Excavating & Construction Inc,CR-9,Concrete,Tucson
286353,Metzger's Painting Professionals Inc,CR-61,Carpentry Remodeling and Repairs,Phoenix
306219,Preferred Insulation Contractors Inc,CR-5,As Restricted by the Registrar,Phoenix
319195,IDG/Innovative Development Group LLC,KB-2,Dual Residential and Small Commercial,Scottsdale
326616,Aspen Ridge Landscape and Design LLC,R-21,Hardscaping and Irrigation Systems,Gilbert
331808,JOSHUA TREE & LANDSCAPE SERVICES LLC,B,General Residential Contractor,CAMP VERDE
336784,B&D HVAC & Construction Services LLC,CR-39,Air Conditioning and Refrigeration,Flagstaff
51595,W.G. Valenzuela Drywall And Paint Inc,CR-10,Drywall,Tucson
137429,R W Turner & Son Pump & Windmill Corp,CR-5,As Restricted by the Registrar,Chino Valley
187403,Northstar Design and Construction Inc,B,General Residential Contractor,Flagstaff
231488,Clayton Floor Covering and Design LLC,CR-8,Floor Covering,Scottsdale
265603,Cordova Environmental Consulting PLLC,A,General Engineering,Mesa
286065,Proficient Contracting & Services LLC,CR-42,Roofing,Apache Junction
309282,Copperstate Paving & Construction LLC,KA,Dual Engineering,Prescott
325755,AV & Son's Superior Constructions LLC,KB-2,Dual Residential and Small Commercial,Safford
331725,Aquatic Services of Mohave County Inc,KA-6,Dual Swimming Pool Contractor Including ,Lake Havasu City
336957,WINDMILL LANDSCAPING AND CLEANING LLC,CR-21,Hardscaping and Irrigation Systems,GLENDALE
341454,Redwood Plumbing Service & Repair LLC,CR-37,Plumbing,Maricopa
113448,Arizona Designs Kitchens and Baths LLC,B,General Residential Contractor,Tucson
191477,Steve Holmes Building Construction LLC,KB-1,Dual Building Contractor,Flagstaff
236281,On The Level Repair and Remodeling LLC,B-3,General Remodeling and Repair Contractor,Cave Creek
263446,Bravo Kitchen and Bath Resurfacing LLC,R-37R,Plumbing,Prescott valley
296026,McGee Well Drilling & Pump Service LLC,R-53,Drilling,Chino Valley
317061,Rapid Restoration and Construction LLC,CR-37,Plumbing,GILBERT
324965,Compass Air Conditioning & Heating LLC,CR-39,Air Conditioning and Refrigeration,Queen Creek
333642,Top Choice Electrical Contractors Corp,KB-1,Dual Building Contractor,Chandler
341805,Arizona Valley Heating and Cooling LLC,CR-39,Air Conditioning and Refrigeration,GLENDALE
136890,A Swollen Thumb Contracting Corporation,B,General Residential Contractor,Dewey
215964,Brookfield Residential Construction LLC,B,General Residential Contractor,Phoenix
267815,Sierra Vista Shotcrete And Concrete LLC,CR-9,Concrete,San Tan Valley
296612,America's Pride Cooling And Heating LLC,CR-39,Air Conditioning and Refrigeration,Glendale
322292,Ismael's Landscaping & Tree Service LLC,CR-21,Hardscaping and Irrigation Systems,Cottonwood
331449,Copper Ridge Fabrication and Repair LLC,CR-56,Welding,Camp Verde
339839,Elevated Excavating And Fabrication LLC,CR-14,Fencing,Tucson
166193,R and K Air Conditioning and Heating Inc,R-39R,Air Conditioning and Refrigeration,Goodyear
219502,West Coast Painting and Construction LLC,CR-36,Plastering,Mesa
280203,Arizona Cabinet & Countertop Company LLC,CR-60,Finish Carpentry,Tucson
314650,Bud Griffin Customer Support-Arizona LLC,C-39,Air Conditioning and Refrigeration,Scottsdale
331245,Mills Residential Service and Repair LLC,R-62,Minor Home Improvements,Buckeye
340184,AIREEZE REFRIGERATION AND MECHANICAL LLC,CR-39,Air Conditioning and Refrigeration,GILBERT
118981,Mills Trenter and Associates Incorporated,CR-5,As Restricted by the Registrar,Phoenix
194358,Intermountain West Civil Constructors Inc,KB-1,Dual Building Contractor,Scottsdale
261400,Mills Trenter and Associates Incorporated,CR-8,Floor Covering,Phoenix
313169,HB Construction & General Contracting LLC,KB-2,Dual Residential and Small Commercial,Buckeye
327647,Matt's Premier Painting & Renovations LLC,CR-34,Painting and Wall Covering,Goodyear
342794,DESERT PROFESSIONAL RENOVATION  (DPR) LLC,R-62,Minor Home Improvements,Phoenix
200729,Greenparti Landscaping and Maintenance Inc,R-62,Minor Home Improvements,Mesa
298188,Professional Sales Services of Phoenix LLC,CR-61,Carpentry Remodeling and Repairs,Phoenix
329419,Pachecos Handyman Service & Remodeling LLC,B-3,General Remodeling and Repair Contractor,Williams
343092,FRANK LEE THE BEST HEATING AND COOLING LLC,CR-39,Air Conditioning and Refrigeration,Casa Grande
200711,Bjerk Builders Residential Construction LLC,B,General Residential Contractor,Gilbert
289724,CDS - Construction Development Services LLC,KB-1,Dual Building Contractor,Scottsdale
322781,Salinas Valley Landscaping & Irrigation LLC,CR-21,Hardscaping and Irrigation Systems,Phoenix
340642,Arctic Air Conditioning & Refrigeration LLC,CR-39,Air Conditioning and Refrigeration,Higley
208709,Picture Rocks Cooling Heating & Plumbing LLC,CR-39,Air Conditioning and Refrigeration,Tucson
293951,Construction Specialties and Maintenance LLC,CR-34,Painting and Wall Covering,Tucson
333782,Cowboy Enterprises Electrical Contractor LLC,CR-11,Electrical,Tucson
216788,Walker Construction & General Contracting LLC,KB-2,Dual Residential and Small Commercial,Cave Creek
324611,Smith Remodeling And Contracting Services LLC,B-2,General Small Commercial Contractor,Apache Junction
155092,Signature Gate Systems and Welding Company LLC,CR-56,Welding,Glendale
297347,Good Brothers Air Conditioning And Heating LLC,CR-39,Air Conditioning and Refrigeration,Wittmann
111751,Fountain Hills Air Conditioning and Heating Inc,C-39,Air Conditioning and Refrigeration,Mesa
317357,Spirit Mechanical Building Services Company Inc,CR-42,Roofing,Apache Junction
219412,D C Solutions LLC DBA Arizona Breeze Retractable,R-62,Minor Home Improvements,Prescott
182725,The Tanner Well Service Limited Liability Company,R-53,Drilling,Sierra Vista
207566,Building and Engineering Contractors Southwest Inc,B-1,General Commercial Contractor,Flagstaff
265185,Sky Blue Heating Ventilation & Air Conditioning LLC,CR-39,Air Conditioning and Refrigeration,Pinetop
341634,Arizona Drywall Specialist Limited Liability Company,R-10,Drywall,Avondale
340130,Creative Environments Landscapes & Home Maintenance LLC,CR-21,Hardscaping and Irrigation Systems,Rio Rico



